id_student,id_assessment,date_submitted,score,is_banked
11932,293,246,69,False
10719,168,4,53,False
11971,185,17,19,False
10489,278,132,5,False
11696,182,219,69,False
10011,233,247,18,False
11506,281,159,75,False
10816,103,21,52,False
10559,297,61,37,False
11546,218,51,28,False
11426,281,191,92,False
11740,255,45,1,False
10516,169,70,6,False
10045,145,197,77,False
11939,147,14,30,False
10034,230,209,12,True
10156,172,118,60,False
11385,206,239,57,False
10493,239,86,27,True
11858,157,65,69,False
10375,181,180,47,False
11654,105,158,60,False
11406,263,177,11,False
10541,110,248,4,False
10992,215,89,43,False
10706,107,223,32,False
10253,109,224,52,False
10186,183,46,68,False
10476,145,149,17,False
10919,229,170,73,False
11544,274,78,18,False
10134,249,69,84,True
11015,160,142,12,False
11611,254,58,97,False
10870,120,33,52,False
11936,204,106,43,False
10656,167,148,56,False
11616,217,170,71,False
11215,256,81,63,False
10459,196,22,39,False
10276,195,91,30,False
11465,248,139,59,False
10001,139,225,79,False
10336,220,96,81,False
10079,170,210,5,False
11866,188,232,75,False
10503,226,228,84,False
10332,154,196,70,False
11398,117,9,10,False
11525,186,126,35,False
11138,243,142,23,False
10314,112,241,18,True
10066,165,143,12,False
10301,214,83,99,False
10870,110,77,25,False
10279,191,103,95,False
11006,268,227,91,False
10782,249,177,65,False
11485,132,152,38,False
10740,197,6,96,False
11584,257,80,50,False
11746,214,204,52,False
11261,118,187,11,False
11816,142,55,69,False
11224,195,166,81,False
11229,216,25,91,False
11502,147,205,87,False
10273,149,26,30,False
11569,161,164,93,False
10193,120,95,90,False
11598,116,208,3,False
11274,122,190,52,False
10147,110,213,29,False
11663,193,114,64,False
11100,294,163,64,False
11248,277,230,4,False
11018,126,46,44,False
11285,294,92,51,False
10896,171,84,90,False
11964,123,27,4,False
11984,288,120,48,False
11759,172,121,5,False
11393,127,28,28,False
11736,229,97,12,False
11981,154,23,77,False
11532,131,222,29,False
10063,129,217,68,False
10680,132,21,25,False
10828,210,2,68,False
11955,228,209,67,False
10747,253,169,14,False
11112,107,40,65,False
10983,161,25,13,False
10949,236,67,4,False
11671,191,249,73,False
11218,233,10,88,False
10097,128,200,62,False
11009,154,241,78,False
10298,125,82,16,False
10667,248,58,29,False
10706,109,55,59,False
11480,179,54,0,False
10966,282,46,97,False
10172,157,176,82,False
11512,185,247,13,False
10008,109,3,70,True
10025,134,130,24,False
11343,291,151,82,False
11740,205,78,31,False
11426,297,217,26,False
11121,217,97,21,False
11169,168,54,97,False
11800,266,7,54,False
11530,168,167,89,False
10854,122,92,75,False
10873,265,168,57,False
10385,276,207,90,False
11552,184,186,48,False
10694,161,222,48,False
11777,292,206,25,False
10431,201,17,42,False
11376,147,1,68,False
10374,128,52,72,False
10039,143,167,14,False
11461,253,2,39,False
11206,147,53,86,False
10260,122,24,66,False
10208,249,150,8,False
11211,255,194,99,False
11297,263,247,9,False
11742,179,178,28,False
10928,199,232,32,False
10600,293,28,11,False
10482,191,192,50,False
11288,236,214,89,False
10582,199,241,95,False
10561,190,51,64,False
10489,264,41,51,False
10039,179,152,43,False
11354,166,242,28,False
11486,277,15,95,False
10391,218,62,57,False
10204,138,192,3,False
10125,119,245,62,True
11496,258,110,88,False
11888,196,230,65,False
10091,249,45,2,False
10105,271,16,41,False
11681,131,245,42,False
11458,166,38,66,False
10972,116,103,14,False
11614,167,226,86,False
11221,206,43,22,False
11844,161,221,13,False
11842,236,100,40,False
11676,281,79,4,False
11409,288,78,24,False
11886,103,90,64,False
10225,179,19,33,False
11250,137,9,26,False
11467,127,4,64,False
11516,192,3,68,False
11105,187,201,59,False
10296,114,172,84,False
11332,123,222,81,False
11513,172,166,47,False
11169,101,94,99,False
11051,279,17,95,False
11067,222,153,94,False
11563,253,42,92,False
11383,107,225,3,False
10194,178,81,43,True
11546,124,81,20,False
11337,132,159,58,False
10228,105,75,81,False
10800,176,83,70,False
11586,207,11,67,False
11543,236,122,67,False
11481,198,220,53,False
10495,244,78,96,False
10008,299,75,19,False
11490,150,32,2,False
11655,197,155,26,False
11563,200,240,90,False
11995,295,218,65,False
11633,155,132,55,False
10532,144,42,58,True
11754,219,246,78,False
10654,128,190,79,True
10420,219,87,81,False
11643,109,10,68,False
11008,195,67,91,False
10467,126,74,32,False
11272,157,194,88,False
10181,171,221,74,False
10599,225,1,22,False
11806,247,233,3,False
10336,151,193,46,False
11387,260,221,94,False
10350,139,192,17,False
11454,256,67,96,False
11753,101,41,56,False
10408,215,44,16,False
10928,128,110,33,False
11980,108,225,34,False
11305,161,136,30,False
10189,178,134,4,True
10007,238,1,69,False
10438,214,5,25,False
10957,213,190,85,False
10999,200,11,63,False
10783,147,101,3,False
11780,248,16,13,False
11993,249,134,71,False
10368,156,15,10,False
11187,129,224,85,False
11627,104,179,91,False
11738,235,54,20,False
11185,177,242,70,False
11745,103,60,20,False
10148,138,110,46,False
11521,192,2,83,False
11741,171,43,68,False
11485,243,209,11,False
10227,242,181,80,False
10209,204,34,55,False
10937,287,168,18,False
11720,283,72,63,False
11925,241,143,93,False
10438,185,243,58,False
11824,248,101,95,False
10418,178,201,77,False
11542,159,144,14,False
11707,240,130,65,True
11713,153,17,16,True
11220,224,87,39,False
10334,219,243,77,False
10671,287,81,27,False
10985,263,205,86,False
11654,135,248,52,False
11881,275,52,12,False
10755,261,224,51,False
10360,197,71,40,False
11518,240,36,41,False
10413,258,88,35,False
10086,147,196,83,False
10589,173,146,56,False
10112,248,22,53,False
11924,203,85,46,False
11473,252,176,80,False
11110,141,65,56,False
11516,235,148,84,True
10164,106,81,70,False
10512,117,195,61,False
10727,253,84,55,False
11574,175,217,12,False
10378,276,27,83,False
11394,281,40,82,False
11112,247,112,31,False
11329,191,84,69,False
10123,269,1,32,False
11410,127,41,67,False
11537,235,44,46,False
11547,185,115,73,False
10699,267,48,76,False
11251,199,242,84,False
10444,260,197,71,False
11909,295,197,20,False
10705,299,153,96,False
11600,281,208,34,False
11232,296,98,50,False
10951,142,51,6,False
10818,199,84,62,False
10690,164,3,86,False
10255,156,41,59,False
11362,284,94,80,False
10968,206,92,7,False
11431,155,35,64,False
10959,288,139,42,False
10582,240,104,41,False
10857,165,40,87,False
11818,140,205,72,False
10547,200,48,90,False
10007,157,106,9,True
11441,299,132,1,False
10265,292,173,68,True
11446,201,225,41,False
11383,231,218,60,False
10739,192,228,49,False
11410,242,240,42,False
10511,166,189,75,False
11094,229,44,71,True
11013,236,185,11,False
11409,166,104,53,False
10184,171,149,85,False
11466,183,213,9,False
10673,244,72,44,False
11688,139,183,45,False
10988,157,25,79,False
10610,268,138,77,False
10590,297,140,20,True
10858,226,1,20,True
11644,157,153,38,False
10326,245,136,86,False
11716,225,141,40,False
11533,164,36,25,False
10630,114,67,78,False
10602,264,239,89,False
11046,284,196,44,False
11269,199,27,58,False
10838,101,167,42,False
10381,158,223,30,False
10687,270,139,90,False
11706,176,189,65,False
10390,207,227,12,False
11252,186,167,1,False
11105,257,234,62,False
10216,159,236,37,False
11548,253,99,50,False
10715,185,134,60,False
11664,255,116,84,False
10289,199,112,43,False
10632,115,28,98,False
10460,109,68,19,False
11408,128,65,6,False
11916,270,76,93,False
10214,262,22,53,False
10296,214,219,66,False
10407,115,131,56,False
11898,264,136,35,False
10921,220,185,6,False
10867,219,30,41,False
10382,223,119,30,False
11929,213,127,24,False
11692,197,92,41,False
11666,126,92,28,False
10853,270,186,66,False
10726,137,77,48,False
10580,117,89,81,False
10171,185,112,44,False
11090,230,41,91,False
11561,216,173,23,False
10212,139,221,6,False
10882,280,195,37,False
11832,100,56,18,False
10345,299,85,14,False
11993,297,102,54,False
10434,194,157,13,False
11187,159,226,9,False
10917,108,162,61,True
11196,181,160,41,False
11955,169,49,87,False
10886,269,209,93,False
10998,163,170,3,False
11111,127,71,67,False
10547,145,19,54,False
11895,118,11,34,False
10003,125,169,23,False
10467,155,100,76,False
10373,236,243,72,False
11514,141,93,12,False
11293,186,72,67,False
10301,154,137,36,False
10636,135,242,1,False
10116,109,6,41,True
10057,213,123,7,False
10474,223,81,3,True
11654,277,52,22,False
11526,201,92,52,False
11826,267,233,85,False
10080,252,168,79,False
11181,291,173,31,False
10535,280,195,64,False
10912,108,187,2,False
10402,293,201,82,False
11739,154,223,19,False
11700,280,115,25,False
11202,106,230,27,False
10551,138,245,35,False
11882,150,155,80,False
10800,245,124,23,True
10366,257,8,66,True
10390,174,14,19,False
11748,212,101,87,False
10795,122,126,78,False
10990,121,208,72,False
10922,198,13,83,False
10115,238,135,92,False
10466,211,11,48,False
11356,120,241,3,False
10834,232,123,87,False
10597,206,129,30,False
10178,123,245,84,False
11236,273,247,89,False
10157,205,53,13,False
11018,214,158,4,False
11835,252,121,46,False
11153,163,180,59,False
10877,260,207,36,False
11417,143,26,38,False
10465,101,228,87,False
10544,188,59,83,False
11725,110,20,90,False
11072,222,159,58,False
11405,146,239,96,False
10566,261,249,58,False
10110,135,195,67,False
11052,269,222,22,False
10100,245,213,30,False
11070,121,68,2,False
11552,246,178,54,False
10533,134,158,25,False
11907,141,150,64,False
11084,293,135,84,False
11494,233,177,8,False
10831,269,170,69,False
10181,190,104,81,False
10481,278,142,94,False
10899,101,65,50,False
10726,190,220,91,False
11803,220,233,56,False
10183,289,154,40,False
11783,170,172,70,False
11565,285,100,28,False
10023,137,99,19,False
10559,185,232,11,False
11122,239,188,48,False
11370,250,218,0,True
10127,226,236,5,False
11409,263,37,1,False
11513,135,35,0,False
11461,200,60,71,False
10312,192,238,37,False
11750,174,116,60,False
10212,216,248,96,False
10591,277,219,19,False
10140,292,51,99,False
10185,111,193,94,False
10096,206,160,65,False
10878,299,131,46,False
11890,192,45,30,False
11227,124,107,92,False
11845,132,141,43,False
10714,266,190,94,False
11419,122,129,9,False
11948,161,67,69,False
10086,244,163,26,False
10539,204,223,23,False
10666,153,21,94,False
11071,108,36,32,False
10065,158,155,90,False
11635,289,94,26,False
11005,159,193,77,False
11916,109,205,66,False
10079,187,53,85,False
10082,160,147,59,False
10777,299,138,66,False
10898,151,174,5,False
11444,238,45,64,False
10744,156,231,51,False
10802,219,102,53,False
10997,215,230,27,False
10853,111,24,58,False
11694,262,15,12,False
10527,111,25,99,False
11421,220,49,41,False
10848,116,202,77,False
11818,157,183,57,False
11068,169,180,17,False
10565,170,239,50,False
11956,114,79,43,True
11828,196,130,21,False
11719,138,43,25,False
10994,176,22,87,False
11281,124,92,81,False
10157,243,3,86,False
10018,299,104,86,False
11066,190,15,61,False
11642,230,131,53,False
11714,168,160,52,False
10458,133,127,25,False
10009,263,238,57,False
11985,123,50,80,False
11214,246,87,25,False
10767,290,234,20,False
11335,198,200,61,False
11273,288,51,80,False
11814,160,157,96,False
11737,216,40,56,False
11364,249,206,55,False
10573,289,115,5,False
11705,265,234,15,False
10207,122,234,88,False
10926,258,196,44,False
10871,140,238,86,False
10400,146,179,26,False
10763,234,236,6,False
11239,233,53,94,False
11028,248,110,13,False
11149,264,214,23,False
10800,228,209,17,False
10401,161,75,66,False
10908,171,20,34,False
10199,208,214,55,False
11674,221,123,38,False
10636,121,98,85,False
10289,137,199,85,False
11785,256,86,10,False
10377,108,54,31,False
11476,198,151,40,False
11829,172,206,39,False
11277,270,141,75,False
11056,254,181,47,False
11069,298,117,51,False
11962,173,111,42,False
11939,146,186,82,False
10851,175,58,62,False
10066,148,6,27,False
11396,237,219,83,False
10172,258,164,85,False
11524,166,7,9,False
10919,135,223,6,False
11850,158,41,17,False
11316,237,134,49,False
10355,101,163,29,True
10405,209,165,57,False
11963,139,133,24,False
11380,214,224,83,False
10122,250,51,56,False
10712,120,169,33,False
10052,239,108,5,False
11940,120,24,48,True
11815,231,144,72,False
10720,247,40,94,False
10650,203,84,34,False
11432,257,168,71,False
11253,262,10,65,False
11539,257,6,12,False
11985,104,199,81,False
11092,215,87,57,False
11211,260,203,70,False
11261,175,130,31,False
10005,134,106,76,False
11315,120,222,19,False
11052,254,112,61,False
11032,154,91,79,False
10913,144,146,86,False
10414,180,95,72,False
11347,177,161,44,False
10138,233,46,6,False
10643,245,57,57,False
10086,241,217,41,False
11002,100,189,75,False
11927,195,71,99,False
10446,103,82,20,False
11001,288,188,39,False
11959,270,234,48,False
11660,153,56,26,False
10377,161,153,84,False
11083,164,42,41,False
11266,155,226,30,False
11628,205,226,51,False
11036,137,1,41,False
10342,169,158,98,False
10617,134,53,39,False
10039,161,204,34,False
10255,206,121,14,False
10523,184,93,11,False
10255,223,38,71,False
10869,102,33,86,False
10285,239,84,73,False
11481,211,186,28,False
10689,110,178,52,False
10252,167,196,17,False
11070,287,126,4,False
11231,243,29,40,False
10354,287,92,9,False
11276,298,226,20,False
10998,265,78,18,False
11538,187,81,72,False
10665,187,228,87,False
10636,252,215,96,False
11844,155,39,80,False
11986,211,208,8,False
11698,146,77,41,False
10894,155,94,19,False
11362,289,50,91,True
11074,261,148,19,False
10597,107,132,13,False
11863,202,146,97,False
10874,124,101,21,False
11673,257,18,83,False
11678,102,173,30,False
10513,228,71,44,False
11639,273,233,98,False
11981,191,6,45,False
11292,260,7,46,False
10752,136,89,23,False
11666,251,122,68,False
10460,111,27,98,False
10769,209,176,78,False
11701,169,130,81,False
11874,224,118,91,False
11676,176,32,41,False
10032,249,184,54,False
10824,230,19,39,False
10595,232,49,92,False
10399,124,149,94,False
11057,116,53,76,False
10588,220,77,63,False
11512,232,26,70,False
10073,199,155,23,False
11601,210,123,82,False
11304,101,217,90,False
11735,280,227,96,True
10804,279,18,61,False
11309,190,56,83,False
11184,293,193,89,False
10247,234,19,55,False
10060,120,198,91,False
11227,101,13,95,False
10119,109,141,57,False
10136,251,20,14,False
11083,164,244,48,False
10158,122,236,48,False
11094,149,216,89,False
10305,269,115,38,False
11993,246,188,3,False
11788,114,164,97,False
10735,259,80,84,False
11516,261,108,42,False
10628,289,84,6,False
11623,165,138,31,False
10430,106,71,88,False
10615,258,156,12,True
11445,166,30,18,False
10806,184,16,24,False
11634,119,223,17,False
11950,226,53,92,False
10580,195,147,17,False
11744,280,176,34,False
10172,145,168,30,False
11058,286,79,85,False
10442,154,113,95,False
10593,148,229,89,False
11389,153,165,30,False
11965,170,17,56,False
11391,203,148,97,False
11459,136,42,5,False
10757,131,236,85,False
11776,193,36,8,False
11909,202,249,45,False
11106,182,156,68,False
11559,225,8,9,False
11535,191,145,59,False
11209,229,15,88,False
10467,185,46,38,False
10375,189,182,43,False
10660,258,213,2,False
11324,120,41,42,False
11573,186,206,7,False
11282,198,89,15,False
10099,161,150,59,False
10627,282,177,69,False
10846,232,219,6,False
11776,270,190,75,False
10262,226,43,76,False
11787,139,134,9,False
11732,247,130,3,False
11342,272,198,37,False
11299,252,122,72,False
11183,192,83,90,False
11955,201,133,79,False
11043,118,51,40,False
11421,114,161,81,True
10999,216,210,41,False
11027,272,148,58,False
11682,142,86,40,False
10618,212,225,56,True
11656,273,24,23,False
11876,149,239,30,True
10643,226,174,29,False
10911,116,83,6,False
11759,170,81,53,False
10159,279,131,42,False
11069,266,198,73,True
11472,289,70,7,False
10778,106,9,58,False
11382,222,180,72,False
10683,256,128,38,False
11122,242,188,15,False
11771,118,87,77,False
10086,177,45,28,False
11872,120,93,20,False
10519,202,170,56,False
11707,257,82,4,False
11995,190,153,28,False
11927,261,158,85,False
11632,224,117,26,False
11555,232,114,29,False
10156,113,4,30,True
11221,166,34,98,False
10749,240,159,16,False
11909,285,77,40,False
11986,103,174,46,False
10462,222,125,19,False
10068,185,93,89,False
10997,197,10,68,False
10722,260,223,51,False
10426,296,26,72,False
10019,146,5,82,False
11303,224,86,82,False
11252,148,181,62,False
10861,110,230,49,False
10547,166,40,90,False
10044,139,110,80,False
10099,108,66,1,False
11640,249,141,88,False
10274,289,9,41,False
10642,162,245,64,False
11144,123,24,75,False
10036,151,156,41,False
10697,144,50,36,False
10340,298,233,68,False
10933,207,115,51,False
11308,284,169,97,False
11930,138,2,10,False
11077,223,1,60,False
11610,240,12,24,False
11851,260,12,41,True
10829,240,170,69,False
11244,227,139,59,False
11222,116,204,1,False
10020,200,249,2,False
10997,290,180,60,False
10213,152,42,49,False
10670,125,152,58,False
11882,124,238,15,False
10491,174,129,88,False
10196,138,109,50,False
11715,260,170,98,False
10058,298,169,24,False
10975,299,155,71,False
10137,131,43,91,False
10954,262,220,63,False
11855,214,222,46,False
10875,197,147,37,False
11099,184,25,37,False
10336,178,185,44,False
11654,208,62,32,False
11290,281,26,34,True
11825,288,79,22,False
10703,165,7,8,False
10311,238,74,64,False
11937,201,207,51,False
10443,133,133,80,False
10756,286,126,18,False
11009,170,107,47,False
10753,263,166,44,False
11503,201,88,98,False
11693,279,242,60,False
11381,116,18,64,False
11828,266,92,71,False
11667,142,113,92,False
10896,208,223,92,False
10568,188,190,26,True
11297,178,209,59,False
11115,120,248,80,False
10190,182,92,41,False
10891,132,240,38,False
11274,101,134,76,True
11566,292,189,48,False
10012,240,200,56,False
11510,252,8,69,False
11296,125,189,0,False
11350,150,130,53,False
10576,283,84,72,False
10863,195,15,28,False
11237,142,36,57,False
10583,122,151,84,False
10022,245,187,39,True
11194,153,195,40,False
10130,156,249,37,False
10273,223,178,60,False
10936,105,137,43,False
11905,229,207,77,False
10028,218,128,79,False
10543,135,167,72,False
10345,192,50,0,False
10633,243,158,47,False
10353,280,78,42,False
10466,154,58,56,False
10921,206,156,59,False
11258,103,165,56,False
10692,243,40,51,False
11571,209,101,23,True
10590,241,27,91,False
10520,147,11,99,True
10229,226,101,49,False
11843,267,100,24,False
10909,160,132,32,False
10317,197,116,33,False
10414,131,210,59,False
11227,165,55,0,False
10357,168,187,45,False
11141,173,69,42,True
10804,235,8,28,False
11793,263,54,60,False
10311,174,144,98,False
10255,243,93,30,False
11260,222,16,94,False
11599,101,25,51,False
10931,241,139,88,False
10664,135,19,18,False
11892,289,46,87,False
10759,101,45,19,False
11822,125,235,44,False
11247,112,228,85,False
10564,296,24,61,False
10343,251,220,90,False
10383,192,36,41,False
10902,116,163,65,False
11166,119,69,55,False
11407,154,209,79,False
10364,108,133,42,False
10056,159,207,31,False
10551,262,192,60,False
10116,175,95,8,False
10977,198,74,60,False
10480,218,11,86,False
11616,228,189,29,True
11328,278,80,78,False
10597,275,30,99,True
11201,260,202,68,False
11798,270,84,43,False
11959,225,215,55,False
10522,189,21,72,False
11755,130,65,59,False
11553,155,187,39,False
11181,164,99,76,False
11340,295,96,96,False
10286,141,199,83,False
11173,217,245,29,False
11138,136,214,6,False
11853,286,148,70,False
11272,118,61,27,False
11155,283,118,15,False
10830,208,217,40,False
11547,166,204,68,False
11703,119,158,19,False
10006,173,81,96,False
11681,232,212,46,False
10001,252,138,70,False
10249,134,179,40,False
11115,224,163,32,False
10202,178,151,1,False
11476,277,29,56,False
11102,261,36,88,True
10062,168,194,20,False
11809,241,201,66,False
10942,256,112,39,False
10168,155,163,31,False
11230,167,188,29,False
10893,164,41,45,False
10806,232,174,87,False
11066,203,11,28,False
10848,179,19,5,False
11565,136,112,56,False
10547,182,187,50,False
11175,174,105,50,False
11346,101,97,78,False
10477,254,125,62,False
11868,218,191,90,False
10870,131,129,1,False
10269,113,213,8,False
11123,284,237,91,False
10484,191,119,77,False
11733,160,66,58,False
10851,208,122,22,False
11990,106,92,42,False
10428,150,158,77,False
11376,190,146,77,False
11716,181,120,96,False
11332,109,37,19,True
10422,155,61,30,False
11090,174,7,20,False
10285,106,18,46,False
10902,126,182,64,False
11866,175,127,72,False
10818,260,172,87,False
11413,210,233,91,False
11774,247,180,92,False
10363,288,1,55,False
11940,193,30,26,True
10811,200,244,24,False
11416,249,102,82,False
10622,111,222,67,False
11155,239,67,95,False
10650,181,10,16,False
10538,273,44,34,False
10825,186,90,36,False
10341,232,179,32,False
11540,251,119,7,False
11189,150,88,32,False
10245,267,237,67,False
10213,240,23,91,False
11643,261,135,26,False
11704,257,139,92,False
11335,192,65,44,False
10866,229,116,45,False
10636,101,107,20,False
11938,293,110,27,False
11950,117,21,31,False
10249,211,232,75,False
10084,191,207,87,False
11330,264,74,43,False
10777,222,27,22,False
11569,190,150,38,False
10942,182,130,62,False
11143,135,241,97,False
11465,277,118,21,False
10236,160,22,53,False
10830,136,48,78,False
10438,220,175,72,False
11609,141,233,1,False
10561,136,166,56,False
11875,227,219,73,False
11584,205,128,80,False
10940,117,70,35,True
10415,147,198,84,False
10809,195,121,1,True
10337,184,209,51,False
10378,108,1,28,False
10475,292,131,43,False
11347,224,154,21,False
10370,153,94,84,False
10097,223,140,10,False
10400,107,15,45,False
11691,232,129,23,True
10719,239,211,92,False
11275,227,170,81,False
10638,103,216,12,False
11644,159,67,63,False
11619,153,103,12,False
11757,114,194,39,False
11244,157,15,24,False
10975,270,111,47,False
11595,196,132,95,False
11879,117,100,96,False
10987,299,125,64,False
11812,101,65,84,False
11552,263,164,22,False
10133,181,206,34,False
11940,102,108,91,False
11475,233,174,97,False
11966,136,211,29,False
11684,290,172,3,False
11537,169,184,56,False
11615,259,215,37,False
10222,217,194,10,False
11652,244,136,79,False
10148,280,178,98,False
10129,123,181,72,False
10460,241,72,35,False
10449,176,162,87,False
11263,149,56,70,False
11842,229,185,58,False
10645,282,29,36,False
10288,171,205,25,False
11905,200,176,49,True
11537,108,43,2,False
10793,147,107,75,False
10433,175,173,74,False
10391,200,17,80,True
11557,180,122,47,False
10296,253,233,4,False
11996,145,202,7,False
10512,299,23,20,False
11703,129,220,85,False
11974,273,226,69,False
10263,206,151,71,False
11481,195,91,35,False
11710,291,25,68,False
11832,263,185,15,False
10025,284,64,41,False
10927,177,49,99,False
11701,234,18,65,False
11962,137,194,95,False
11055,150,237,72,False
10894,104,162,62,False
10770,200,187,98,False
11856,214,4,7,False
11167,211,57,93,False
11673,245,98,99,False
10951,258,141,86,False
10417,211,38,73,False
10498,288,15,32,False
11674,224,23,21,False
11851,265,123,19,False
10951,187,16,73,False
11623,182,111,71,False
10597,212,112,66,False
10505,153,24,64,False
11444,287,121,64,False
11658,172,5,31,False
10261,214,189,69,False
10956,245,171,62,False
11140,115,176,44,False
11599,241,29,51,False
11050,206,64,36,False
11109,203,132,41,False
11331,129,214,36,False
11180,160,14,91,False
11621,223,171,2,False
11153,177,170,57,False
10506,241,223,50,True
11852,239,70,5,False
11797,225,131,53,False
10511,221,75,48,False
10197,197,120,42,False
11375,195,239,42,False
11352,244,133,37,False
10343,185,185,82,False
11691,104,234,77,False
11522,120,73,14,False
10747,251,233,12,False
10156,252,94,73,False
11467,232,242,11,False
10920,193,20,31,False
11940,137,172,56,False
10647,215,63,10,False
11159,173,180,38,False
10381,142,71,76,False
11800,156,243,87,False
11745,256,207,69,False
10747,122,203,91,True
11941,197,225,27,False
11781,230,246,75,False
11491,251,225,20,False
10936,181,214,73,True
10346,181,84,39,False
10694,128,10,67,False
11955,175,185,48,False
11739,200,127,49,False
10546,294,215,35,True
10892,229,244,78,False
10180,234,25,58,False
10766,245,158,58,False
11896,217,176,7,False
11855,188,134,57,False
10875,230,136,43,False
11052,298,152,71,False
10662,203,37,59,False
11948,283,112,77,False
10317,194,198,7,False
10886,201,67,64,False
10604,254,62,47,False
11365,209,213,23,False
11634,173,178,26,False
11464,223,2,12,False
11661,154,67,70,False
10381,205,83,15,False
10587,253,125,93,False
11749,132,224,40,False
11864,172,137,90,False
11462,176,57,72,False
11935,179,117,22,False
10523,119,85,87,False
10261,295,99,27,False
11100,165,141,13,False
11148,290,205,26,False
10358,247,49,33,False
11755,218,47,6,False
10673,106,245,60,False
10283,252,87,28,False
11261,136,11,6,False
10439,112,12,2,False
11774,225,178,90,False
11250,147,184,4,False
10319,246,174,77,False
10567,178,197,68,False
10001,135,84,75,True
10757,140,10,59,True
10422,182,157,98,True
11153,178,226,12,False
11443,273,97,54,False
11127,275,16,30,False
10849,167,222,21,False
10759,207,243,71,True
10174,171,203,10,False
11172,161,71,77,False
11613,184,99,4,False
11740,100,98,32,False
11202,123,211,33,False
10218,155,178,6,False
10451,172,64,73,False
10292,125,72,41,False
10629,150,102,41,False
11874,162,1,37,False
10132,130,132,50,False
10889,256,2,59,False
10083,181,96,50,False
10816,183,211,14,False
10463,299,25,83,False
10680,293,49,41,False
10304,142,22,7,False
11086,224,96,48,False
10070,244,242,38,False
11845,238,77,86,False
11901,130,45,73,False
10225,121,53,59,False
10748,170,116,38,False
11239,182,247,99,False
11331,142,102,76,False
11656,241,101,69,True
11259,158,9,43,False
10111,142,151,52,False
10617,276,141,7,False
10139,198,175,10,False
10513,107,158,66,False
11078,282,216,74,False
11119,158,179,26,False
10064,215,189,78,False
10143,271,97,68,False
11323,209,78,77,False
10396,232,144,12,False
10328,258,185,1,False
10886,236,9,24,False
11514,119,76,41,False
11121,186,171,45,False
10716,231,76,25,False
10208,213,182,72,False
10709,274,84,86,False
10216,114,67,83,False
11733,208,211,60,False
11774,184,139,53,False
11820,122,88,97,False
10791,156,61,23,False
10909,258,70,83,False
11502,292,233,33,True
11150,248,181,13,False
10406,173,153,0,False
11815,235,225,35,False
11611,256,145,84,False
11918,291,4,7,False
10517,265,183,92,False
11480,159,233,43,False
10250,100,16,66,False
11384,263,174,43,False
10105,101,110,39,False
11244,242,95,28,False
11366,112,13,69,False
11797,246,164,9,False
10297,149,54,51,False
11103,259,12,20,False
10631,145,181,4,False
11397,251,30,49,False
11108,225,56,72,True
11545,287,131,28,False
11645,181,165,22,False
11288,286,220,92,False
10260,176,102,77,False
11535,257,94,10,False
11314,147,38,32,False
10749,166,202,19,True
10306,204,62,65,False
11717,141,202,51,False
11864,222,234,61,False
10878,297,153,16,False
10830,137,25,64,False
10923,264,49,85,True
10126,219,244,94,False
11624,280,184,89,False
10396,294,230,21,False
10809,132,143,30,False
10872,259,232,74,False
11646,188,80,32,False
10285,114,248,59,False
10234,153,237,52,False
11022,252,119,18,False
11712,267,221,53,False
11178,143,4,92,False
10123,181,77,69,False
11996,267,242,92,False
10393,180,114,90,False
11233,224,61,99,False
10750,253,138,97,False
11175,219,241,81,False
11999,154,203,14,False
11418,230,245,13,False
11954,260,224,77,False
10986,247,196,55,False
10177,209,168,52,False
11871,262,239,49,False
11541,122,188,44,True
11812,233,39,48,False
11468,130,93,74,False
10862,196,80,16,False
11780,200,72,31,False
11027,285,116,83,False
10570,291,180,17,False
11271,205,97,71,True
11938,283,109,96,True
11524,114,232,5,False
10104,255,60,45,False
10062,203,152,26,False
11183,219,55,40,True
11141,274,119,59,False
10167,178,221,89,True
10534,263,52,94,False
11018,237,144,38,False
10461,254,78,86,False
10009,256,76,4,False
11590,296,73,88,False
10757,215,170,88,False
10458,192,227,63,False
11094,232,67,50,False
11858,279,43,58,False
11795,207,117,31,False
10431,241,168,11,False
11464,215,37,98,False
11629,105,118,85,False
11140,279,32,38,False
10206,151,162,83,False
11662,279,203,26,False
10992,244,121,95,False
11977,150,176,69,False
10207,159,187,86,False
10575,202,237,46,False
10476,150,115,58,False
10376,278,171,32,False
11891,272,23,80,False
11909,208,191,17,False
11607,120,155,33,False
11273,104,214,47,False
11109,258,89,76,False
10447,169,217,49,True
11664,237,221,66,False
11983,173,174,32,True
10546,106,4,68,False
11719,121,77,98,False
11140,218,39,63,False
10038,111,46,14,False
10374,203,192,34,False
11170,166,122,70,False
10696,176,245,30,False
11389,157,42,46,False
11087,108,87,26,False
11110,172,106,54,False
10591,296,217,74,False
11539,288,195,87,False
11723,212,39,25,False
11072,153,52,86,False
10703,271,239,2,False
11930,196,208,9,True
10005,237,169,79,False
10727,122,164,84,False
11844,288,2,6,False
10732,250,114,7,False
10226,126,129,93,False
11615,141,218,94,False
11619,239,151,40,False
11282,293,45,33,False
10695,105,70,85,False
10729,153,75,96,False
10935,257,117,51,False
10801,253,53,89,False
11743,293,16,95,False
10282,228,6,78,False
11184,235,237,61,False
11341,157,143,38,False
11192,263,169,39,False
10457,252,181,77,False
10149,177,51,73,False
10345,250,235,88,True
11722,126,139,48,False
11743,265,65,50,False
10900,106,128,33,False
11578,232,51,34,False
10672,261,135,23,False
10553,123,2,55,False
10838,294,200,43,False
11140,124,90,0,False
10545,207,239,56,False
11973,175,140,61,False
10540,160,72,79,False
10626,235,129,62,False
11515,159,153,91,False
10590,141,159,67,False
10756,167,82,8,False
11063,249,169,92,False
11852,213,193,80,True
11132,202,116,51,False
11122,114,53,59,False
10848,109,228,26,True
10418,170,214,26,False
10381,166,180,48,False
11274,283,180,38,False
11305,107,134,29,False
11835,245,111,5,False
11460,254,208,10,False
10766,121,174,64,False
10302,186,242,74,False
10801,187,182,46,False
11297,175,230,42,False
11064,123,79,16,False
11354,183,161,95,False
10197,242,160,37,False
10179,194,104,9,False
11353,169,239,58,True
11084,197,89,8,False
11753,122,182,74,False
10084,218,210,90,False
11512,130,95,67,False
10878,254,141,77,False
10110,281,62,37,False
10635,215,242,7,False
11758,238,244,98,False
10443,161,6,80,False
10596,242,220,21,False
10839,294,28,67,False
11005,286,145,76,True
10003,266,131,70,False
10398,119,149,63,False
11261,170,65,97,False
11417,102,184,55,False
11727,125,72,67,False
10800,278,45,84,False
10802,249,138,65,False
11133,202,197,2,False
10078,291,110,15,False
11560,149,72,84,False
11954,175,67,21,False
10933,161,145,3,False
10368,247,223,89,False
11914,270,175,3,False
10492,248,173,11,False
11739,267,162,34,False
10203,166,101,19,False
11793,141,11,19,False
10493,129,176,89,False
11621,195,81,9,False
11294,145,114,24,False
10362,291,35,77,True
10362,176,246,84,False
10812,176,115,28,False
11166,232,126,0,False
11533,264,24,42,False
11585,109,151,40,False
11380,139,80,96,False
11924,117,113,55,False
10449,132,164,67,False
10487,264,11,16,False
11398,111,122,31,False
10823,181,147,78,False
10010,122,114,17,False
11931,286,96,58,False
11716,172,73,11,False
11767,185,1,47,False
10964,214,208,35,False
10585,162,204,44,False
11936,159,205,73,False
11231,200,145,68,True
10394,127,228,56,False
10354,294,118,66,False
11246,292,146,90,False
10565,176,190,68,False
10516,103,191,65,False
10605,212,148,17,False
11023,229,11,39,True
10000,124,126,18,False
10590,151,43,81,False
10653,283,173,94,False
11886,162,200,46,False
10895,204,226,86,False
10863,275,45,51,False
11530,126,121,68,False
11629,184,65,67,False
10921,122,6,47,False
10253,135,208,65,False
10917,283,48,98,False
11040,174,93,9,False
11905,243,148,60,False
11206,292,106,71,False
11445,260,202,60,False
10085,151,113,6,False
11950,210,133,10,False
10094,265,34,43,False
10282,236,247,53,False
10759,162,88,67,False
11350,229,199,41,False
11787,281,153,13,False
11577,146,8,24,False
10563,211,242,71,False
10701,226,220,30,False
11426,298,243,26,False
11385,247,54,3,False
11431,194,196,70,False
11577,109,31,41,False
10158,175,139,84,False
11837,121,77,84,False
10177,295,152,85,False
10840,107,139,20,False
11908,168,160,6,False
11081,166,223,98,False
10678,259,2,33,False
11522,217,160,95,False
10462,225,9,22,True
10599,175,27,86,False
10377,198,74,28,False
10484,125,219,6,False
11847,239,67,85,False
11389,159,150,23,False
10824,147,203,50,True
11676,236,71,0,False
10061,235,50,76,False
10180,197,232,53,False
10786,155,237,57,False
11149,164,164,26,False
11409,117,212,63,False
11122,213,204,70,True
10511,204,134,46,False
10889,110,202,10,False
10837,259,115,48,False
10030,110,128,9,False
11710,193,7,73,False
11756,103,200,59,False
10510,144,98,7,False
11311,101,23,24,False
10349,112,158,98,False
11007,177,55,46,False
11090,226,156,57,False
10131,213,170,60,False
11655,130,62,76,False
11970,186,112,92,False
11426,229,145,32,False
11264,288,4,19,False
11955,263,3,98,False
11414,285,118,57,False
10863,120,38,1,False
11612,173,6,37,False
11890,277,245,19,False
10476,131,136,70,False
11094,292,156,75,False
10856,213,10,49,False
10352,156,151,1,False
11154,227,138,35,False
10630,253,64,22,False
10049,159,110,12,False
10238,276,134,45,False
10285,154,142,68,False
11529,165,184,36,False
10764,218,197,56,False
10876,205,154,94,False
11024,209,7,34,False
10372,278,162,83,False
11475,249,175,40,False
10279,227,77,66,False
11127,103,119,47,False
10941,174,107,81,False
11213,237,112,31,False
10761,143,53,86,False
10051,224,66,9,False
10965,168,18,36,False
11788,185,234,98,False
11331,122,76,66,False
10059,274,245,23,False
11266,111,85,58,False
11094,117,240,16,False
11169,226,186,36,False
10215,146,211,14,False
11375,235,93,85,False
11256,211,149,77,False
10085,212,106,69,False
10902,259,192,72,False
10088,240,221,3,False
11579,190,159,11,False
11669,292,246,21,False
10905,160,203,14,False
10177,171,47,16,False
11654,181,218,11,False
10384,161,191,36,False
10028,176,200,58,False
10730,289,237,2,False
10142,203,69,72,False
10300,288,85,41,False
11184,202,183,82,False
10985,231,234,48,False
10626,189,218,47,False
10853,115,86,2,True
11342,232,117,73,False
11381,124,54,64,False
10825,267,16,4,False
10746,117,79,52,False
10482,123,31,13,False
11569,257,56,55,False
11383,168,186,69,False
11385,223,248,76,False
10528,295,41,44,False
10001,181,45,36,False
11904,237,175,22,False
11056,228,98,21,False
10853,200,210,56,False
11146,230,174,34,False
11775,118,78,75,False
11795,204,171,4,False
10192,137,168,67,False
10440,227,170,70,False
11383,280,227,60,False
11698,137,229,89,False
10348,154,38,12,False
10135,106,171,52,False
10091,231,213,27,False
10966,107,78,41,False
10721,125,231,40,False
10062,134,212,33,False
11834,258,208,35,False
11995,170,244,72,False
10085,187,90,57,False
10369,146,216,91,False
10962,198,44,58,False
11169,107,56,17,False
10276,140,11,91,False
11691,117,48,84,False
10525,192,219,54,False
10508,270,201,34,False
10620,130,213,91,False
10226,144,59,93,False
11890,249,235,99,False
11562,222,59,39,False
11523,112,120,76,True
10154,140,7,64,False
10761,158,185,17,False
10228,158,103,35,False
10527,155,21,97,False
10433,181,75,31,False
11212,202,134,13,False
11283,171,176,23,False
11264,298,137,76,True
11325,119,235,42,False
11787,173,125,58,False
11633,249,60,90,False
10266,245,138,10,False
10909,275,168,70,False
10915,219,11,85,False
11996,118,237,83,True
11237,193,130,70,False
11391,281,29,64,False
10925,204,148,94,False
10344,230,218,83,False
10916,261,144,89,False
10283,210,48,42,False
10691,298,246,49,True
11446,198,81,50,False
10484,283,45,0,False
11764,151,83,36,False
11481,233,95,60,False
11663,286,169,62,False
11534,206,167,60,False
10362,105,141,14,False
11162,251,125,92,False
11208,170,84,13,False
10333,204,147,38,False
11734,226,132,15,False
10932,186,153,73,False
10612,255,128,26,False
11037,295,112,96,False
10907,163,144,4,False
10958,110,149,62,False
11485,208,160,54,False
10744,287,69,19,False
11825,198,58,84,False
11200,188,190,83,False
11348,272,169,60,True
11300,110,142,37,False
10158,279,83,23,False
10968,113,111,11,False
10400,165,58,51,False
10769,102,149,63,False
11379,129,133,85,True
10309,237,217,24,False
11427,189,82,67,False
10204,211,9,87,False
11697,117,247,94,False
11468,288,32,37,False
11961,170,199,44,True
11665,242,211,76,False
10696,119,56,16,True
11956,287,86,82,False
11049,277,16,22,False
10637,298,50,83,False
10804,290,136,32,False
10025,249,210,90,False
10314,167,84,7,False
11230,100,212,79,False
10933,175,208,38,False
10228,171,169,79,False
10540,190,206,15,False
11787,291,56,62,False
10486,237,121,69,False
11696,173,11,94,False
10622,280,125,81,False
10997,134,103,36,False
11207,287,215,54,False
11421,270,114,73,True
11637,132,137,52,False
10061,126,108,23,False
11490,117,121,76,False
11324,241,95,29,False
10288,137,71,63,False
10050,172,119,91,False
11023,191,79,16,False
10303,291,39,97,False
11812,160,199,89,False
11813,273,81,93,False
10832,145,136,1,False
10927,286,75,32,False
10331,247,70,82,False
10966,203,76,5,False
10915,259,94,65,False
11570,220,98,18,False
10769,228,216,64,False
10749,168,40,49,False
10902,220,218,89,False
11014,132,104,82,True
10579,101,162,69,False
10507,241,225,80,False
11637,144,134,94,False
11571,128,36,74,False
11118,103,152,99,True
10450,288,140,32,False
11193,285,108,41,False
11084,200,211,72,False
10289,228,175,58,False
10220,197,93,64,False
11963,192,209,21,False
11551,177,77,93,False
11100,204,219,78,False
10906,280,239,63,False
11521,262,57,66,False
11301,261,24,84,False
10272,251,120,7,False
11420,229,223,2,False
11181,225,121,45,False
10985,166,172,3,True
10083,116,212,33,False
10917,109,188,57,False
11157,265,23,6,False
11435,207,130,11,False
11035,285,182,76,False
10816,117,165,43,False
11593,267,127,81,False
10132,231,164,47,False
11602,168,100,99,False
11572,286,149,70,False
10454,290,34,32,False
10866,274,45,64,False
10000,120,56,27,False
11376,196,214,51,False
10172,285,50,42,False
11251,169,112,85,False
11243,173,34,85,False
10746,192,229,70,False
11448,175,204,67,False
10714,284,235,52,False
11821,222,81,18,False
10603,179,151,68,False
11375,125,210,89,False
10467,292,148,4,False
10740,155,61,23,False
11766,196,225,24,False
11377,195,184,21,False
10999,160,243,56,False
11939,153,115,93,False
11782,154,73,62,False
11042,274,166,25,False
10925,291,115,5,False
11747,267,176,24,False
10196,184,11,52,False
10726,273,93,73,False
11173,201,66,88,False
11958,190,227,70,False
10012,118,173,60,False
11414,149,61,99,False
11886,298,149,31,False
10065,156,57,98,False
10730,254,79,22,False
10210,230,96,29,False
11537,178,69,23,False
11009,270,246,55,False
10757,225,6,46,False
10209,215,183,29,False
10915,193,158,67,False
11958,136,205,37,False
11927,299,180,41,False
10599,144,24,33,False
10199,142,38,4,False
10654,271,52,31,False
11267,159,37,14,False
11220,138,201,21,False
10835,218,209,38,False
10659,284,25,51,False
10620,253,67,5,False
11537,205,147,72,False
11474,252,54,6,False
11934,182,63,50,False
10319,155,100,90,True
10289,245,124,23,False
10742,215,212,50,False
10674,233,228,84,False
10786,160,122,40,False
10555,287,196,54,False
10801,129,46,41,False
11547,209,118,3,False
11733,273,132,49,False
10266,247,210,52,False
11243,282,116,65,False
11703,220,29,73,False
10230,248,156,66,False
11396,176,128,97,False
11625,253,110,17,False
10970,113,144,58,False
10386,254,181,22,False
10617,291,27,92,False
11760,255,230,59,False
10521,225,205,68,False
11873,141,238,17,True
11185,105,115,13,False
11675,212,161,79,False
11531,107,58,0,False
10347,267,144,52,False
10129,264,19,4,False
10587,168,197,61,False
11578,273,112,2,False
10961,208,23,85,False
10663,154,92,27,False
10825,130,133,0,True
10854,284,130,14,False
10268,138,234,32,False
10802,272,83,81,False
10107,259,197,16,False
11409,203,161,52,False
11119,206,193,69,False
11240,290,82,34,False
11480,228,160,70,True
11329,163,72,22,False
11700,121,88,56,False
11112,290,133,68,False
11601,278,243,53,False
10007,180,233,40,False
10945,254,234,66,False
11618,241,167,37,False
10552,219,242,91,False
11527,289,119,3,False
10191,173,231,12,False
11795,162,190,38,False
10897,129,218,93,False
10236,140,67,52,False
10637,253,58,86,False
10249,284,249,65,False
11627,241,123,51,False
10264,112,240,71,False
11843,121,44,0,False
11640,201,111,86,False
10446,132,50,64,False
10507,197,194,13,False
10493,158,179,58,False
10735,154,177,71,False
10175,102,142,85,False
10850,232,146,29,False
10363,235,65,21,False
11953,256,32,28,False
11626,166,193,87,False
11334,257,44,69,False
10476,299,158,4,False
11003,226,162,8,False
11317,141,140,38,False
10331,197,236,33,False
11387,269,185,3,False
11391,118,230,35,False
11161,226,45,50,False
10736,238,187,68,False
11404,179,196,56,False
11558,201,51,6,False
11491,197,90,93,False
10007,209,181,82,False
10216,265,3,13,False
11002,188,139,45,False
11885,203,6,5,False
11228,231,174,24,False
11973,196,29,93,False
10630,245,152,93,False
10912,133,231,97,False
11027,192,126,84,False
10576,248,61,85,False
11769,119,145,1,False
11974,218,39,64,False
11657,124,155,62,False
11612,192,30,54,False
11661,283,98,13,False
10507,202,57,31,False
11712,167,10,49,False
10245,238,85,59,False
11604,101,105,43,False
11472,158,141,64,False
11862,148,162,69,False
10612,244,132,55,False
11587,264,80,20,False
11183,171,79,78,False
11563,198,175,5,False
10433,281,249,92,False
11914,127,109,20,False
11929,111,58,39,False
11820,299,32,63,False
10661,139,213,55,False
10068,164,167,69,False
11487,217,190,89,False
11803,235,67,5,False
10635,108,190,63,False
10573,257,175,35,False
10229,166,184,87,False
11228,231,66,32,False
10355,150,132,5,False
11974,125,118,6,False
10401,226,55,6,False
10123,184,64,34,False
10791,276,151,56,False
10979,181,65,15,False
11129,180,96,59,False
11000,242,80,24,False
10379,111,139,73,False
10307,256,193,34,False
11901,155,20,90,False
11827,102,32,47,False
10067,108,217,90,False
11633,295,20,65,False
11742,111,171,89,False
10661,196,34,97,False
10822,112,240,53,True
10655,135,83,42,False
11548,136,18,0,False
11037,114,229,89,False
10934,189,190,8,False
10745,225,17,56,False
11568,251,138,21,False
10319,175,14,15,False
10864,191,169,11,True
10893,291,123,13,False
10686,168,50,61,False
10318,227,50,69,False
11533,174,21,63,False
10770,218,101,17,False
10668,113,60,50,False
10276,194,221,44,False
11201,236,197,91,False
11705,172,184,36,False
10069,197,109,45,False
10173,276,20,88,False
10658,250,178,0,False
11477,299,110,7,False
11188,277,141,87,False
11406,240,75,26,False
10209,106,5,82,False
10916,287,246,83,False
10257,275,181,27,True
11081,152,43,59,True
11684,161,42,84,False
11149,276,183,47,False
10215,171,97,66,False
10041,294,214,16,False
10766,221,235,76,True
11896,267,12,74,False
10360,273,196,21,False
10108,143,141,98,False
10687,110,96,57,False
11711,136,169,62,False
10548,114,4,96,False
11557,147,7,74,False
10093,176,249,30,False
10973,260,231,32,False
11207,177,201,21,False
11439,157,179,2,False
11444,228,66,28,False
11771,225,217,31,False
10070,266,222,77,False
11041,193,241,85,False
10533,167,40,36,False
10447,268,222,49,True
10480,203,156,76,False
11492,201,168,87,False
11791,225,247,75,False
11665,267,63,18,False
11267,289,101,75,False
10535,233,30,87,False
11156,123,173,53,False
10721,262,26,19,False
10363,203,90,58,True
10795,262,188,90,False
10911,212,162,0,False
10015,205,17,23,False
10775,250,115,38,False
11738,146,142,41,False
11439,167,28,83,False
11105,162,226,4,False
11425,162,209,16,False
10915,270,17,10,False
11311,104,72,7,False
10640,196,236,44,False
10245,250,227,75,False
11972,211,239,3,False
10835,295,241,35,False
11335,161,121,13,False
10889,179,215,19,False
11284,222,92,11,False
11281,295,177,31,False
11493,255,12,3,False
11056,177,91,85,False
11553,207,88,6,False
11183,274,157,27,False
11266,143,55,22,False
10075,109,70,65,False
11531,194,120,53,False
10282,107,247,72,False
11875,120,151,24,False
10531,126,197,97,False
11088,160,96,18,False
10129,166,40,22,False
10303,232,161,86,False
10034,260,14,89,False
11908,283,153,64,False
10317,225,217,91,False
10019,280,173,49,False
10700,140,75,46,False
10509,198,193,90,False
10627,178,79,56,False
10199,260,127,63,False
11201,256,118,3,False
10031,169,85,30,False
11982,217,153,62,False
11349,285,141,11,False
11232,236,207,5,False
10141,264,179,50,False
11653,154,75,13,False
10905,130,175,35,False
10738,178,129,18,False
10204,275,107,46,False
10380,153,209,53,False
11992,291,210,80,False
11218,268,28,30,False
11852,192,249,58,False
10988,123,181,94,False
10999,180,183,89,False
10359,254,114,94,False
11219,120,138,82,False
11540,211,67,46,False
11857,239,136,68,False
10358,251,156,34,True
10915,216,174,11,False
10491,279,155,3,False
10792,147,220,34,False
11585,210,186,39,False
11148,240,214,55,False
11540,116,221,4,False
11210,133,113,24,False
10239,101,26,35,False
10723,131,182,47,False
11090,144,81,37,False
10638,252,193,29,False
11627,117,106,56,False
10683,117,32,7,False
10331,133,234,99,False
10578,226,197,83,False
11182,141,198,91,False
11570,294,96,23,False
10054,254,74,67,False
10436,230,180,21,False
10836,294,139,75,False
11626,209,152,7,False
11321,133,224,12,False
10388,221,177,53,False
11289,101,39,69,False
10412,210,114,55,False
10347,157,182,61,False
11760,128,105,23,False
11408,128,66,95,False
11094,155,91,10,False
11550,262,119,18,False
10298,180,40,54,True
10983,264,136,69,False
10826,132,129,35,False
11446,252,65,44,False
11221,236,196,77,False
10232,223,14,2,False
11244,262,101,7,False
10725,188,120,11,False
11826,256,237,7,True
10451,131,187,85,False
10103,243,116,22,False
11635,105,173,26,True
10477,213,8,85,False
10859,183,162,46,False
11881,268,33,2,False
10420,173,90,91,False
10893,188,237,50,False
10544,174,142,87,False
11208,161,115,50,False
10798,277,190,93,False
11400,289,186,20,False
11033,122,193,22,False
10918,252,141,78,False
10029,139,11,9,False
11751,278,245,98,False
10027,198,214,36,False
10331,176,142,76,True
10629,175,184,9,False
11145,151,67,70,False
10863,126,98,75,True
11642,141,57,76,False
10517,101,149,2,False
11448,292,33,72,False
10820,195,141,65,False
10159,234,140,11,False
10559,252,238,51,False
11946,137,95,70,False
11933,117,75,5,False
10529,282,90,50,False
10764,194,99,85,False
11866,170,88,53,False
11607,283,159,3,False
10149,264,227,9,False
11736,275,128,37,False
10831,205,205,34,False
11644,284,215,25,False
10969,244,112,63,False
10497,244,137,0,False
10673,247,211,43,False
11106,285,168,60,False
11887,122,3,12,False
11916,205,67,14,True
10373,102,209,86,False
11592,171,108,42,False
11082,231,147,57,False
11607,268,172,22,False
11100,140,70,15,False
11447,205,208,26,False
11243,274,240,81,False
11648,258,189,28,False
11663,265,194,98,False
10428,258,43,3,False
10854,256,105,63,False
11348,195,90,98,False
10042,298,92,19,False
10412,132,10,55,False
11815,181,190,5,False
11853,233,117,4,False
10277,166,158,20,False
10817,289,1,72,False
11359,252,152,21,False
11393,295,219,26,False
10891,225,106,52,False
10518,254,32,34,False
10434,137,16,28,False
10292,250,53,99,False
10012,292,181,61,False
10295,138,186,42,False
10037,115,237,44,False
10266,112,202,14,False
10142,253,216,30,False
11838,288,23,75,False
11860,142,92,99,False
11381,299,214,99,False
10645,130,121,24,False
10269,226,80,96,False
11377,215,191,93,False
11620,155,222,50,False
10626,299,144,73,False
10604,240,22,81,False
11549,275,219,87,False
10335,177,246,42,False
10480,134,167,13,False
10964,105,154,37,False
11317,223,133,42,False
11266,221,89,47,False
11768,213,17,81,False
10249,248,91,28,False
10077,132,3,27,False
11054,123,63,35,False
10333,179,221,23,False
11509,138,201,74,False
10567,203,195,18,False
10079,283,245,92,False
10503,239,47,42,False
11780,286,185,22,False
11631,255,202,15,False
10376,103,240,4,False
11271,139,174,52,False
10049,234,46,50,False
11191,226,122,88,False
11259,240,173,42,False
11133,226,68,90,False
10311,195,184,19,False
11807,241,157,44,False
10240,287,188,29,False
10240,236,218,81,False
11032,164,156,5,False
11911,220,179,56,False
10280,159,236,95,False
10273,217,142,72,False
10539,294,61,65,False
10789,282,223,75,False
10635,275,34,70,False
10955,127,132,26,False
10196,109,88,88,False
10089,153,39,98,False
11098,278,142,60,False
10230,155,59,11,False
10162,278,243,68,False
11786,268,62,0,False
11717,279,60,10,False
10527,271,102,26,False
11934,107,139,95,False
11554,118,237,42,False
10912,105,65,23,False
10931,203,85,69,False
10160,204,213,28,False
11229,285,154,88,False
10460,276,12,20,False
10967,211,241,1,False
10833,148,183,76,False
10259,213,67,48,False
10973,128,194,26,False
10878,166,245,89,True
10446,113,182,16,False
10256,213,208,74,False
11803,155,14,60,False
11416,194,110,23,False
10086,279,208,41,False
10988,268,78,24,False
10082,261,177,59,True
11084,184,140,93,False
11438,224,126,92,False
11441,175,170,34,False
11614,164,80,36,False
10361,138,35,64,False
11852,116,220,62,False
11473,242,101,99,False
10855,179,223,95,False
10557,154,29,84,False
10499,161,122,83,False
11875,111,184,75,False
10535,296,248,92,False
10854,112,145,38,False
10394,297,93,45,False
10031,276,201,86,False
10018,263,213,94,False
10030,299,7,74,False
10064,276,108,7,False
11338,210,240,77,False
11771,282,234,0,False
11198,141,135,65,False
10505,136,212,30,False
11030,110,37,80,False
11808,298,51,11,False
10066,195,2,10,False
11994,186,170,95,False
10995,238,230,86,False
11648,290,159,51,False
11958,212,249,60,False
11422,142,115,23,False
11094,255,46,96,False
10131,239,147,55,False
10930,101,236,8,False
11176,259,73,9,False
11848,108,201,69,True
11047,196,183,45,False
10565,133,176,32,False
11343,215,67,12,False
10054,148,49,53,False
10852,126,77,57,False
11744,237,212,98,False
11877,135,203,73,False
11811,234,99,32,False
11600,160,239,58,False
11437,164,64,96,False
11193,188,99,87,False
11670,122,181,48,False
11663,142,61,63,False
10147,193,40,60,True
11395,160,229,43,False
10397,193,27,54,False
10120,150,189,64,False
11600,225,95,20,True
11256,234,180,3,False
11633,289,7,42,False
10662,183,178,97,False
10315,210,1,84,False
10263,262,25,40,True
11700,254,209,44,False
10592,114,210,98,False
10421,263,72,90,False
10880,147,244,65,False
10312,186,242,53,False
11162,207,147,25,False
11092,226,224,57,False
11082,220,39,64,False
10395,112,245,83,False
10542,243,58,40,False
10795,224,36,81,False
11008,232,83,91,False
10275,193,100,86,False
10380,246,9,97,False
11737,237,247,78,False
11661,202,10,68,True
10430,115,171,37,False
11845,131,13,71,False
10793,281,168,58,False
11064,179,172,11,False
10770,160,11,99,False
11189,172,222,14,False
11453,264,125,0,False
11506,110,130,69,False
10241,215,155,90,False
10612,145,229,62,False
10684,289,34,61,False
10517,135,167,57,False
10867,245,43,0,False
11358,230,193,95,True
11675,222,124,37,False
11644,178,140,27,False
11260,281,217,9,False
11209,264,162,41,True
10761,182,31,60,False
10687,124,98,76,False
11545,265,165,52,False
10207,272,45,43,False
10537,222,197,51,False
10068,285,42,99,False
10142,194,35,46,False
10167,256,191,82,True
11036,122,41,87,False
10789,180,39,17,False
10552,177,216,57,False
10695,250,115,12,False
10548,177,9,29,False
10114,105,171,25,False
11440,136,230,42,False
11536,167,246,21,False
10489,182,64,16,False
10042,185,222,40,False
11821,199,199,23,False
11384,226,190,80,False
11734,239,188,97,False
11388,170,101,27,False
10682,128,105,12,False
11659,237,1,1,False
11014,180,43,24,False
11450,137,128,8,False
11927,292,101,73,True
11386,165,233,23,False
11203,116,23,0,False
11901,172,188,30,False
10977,105,189,22,False
11813,258,106,33,False
10980,277,113,31,False
10767,218,4,95,False
10724,270,88,58,False
11211,261,39,44,False
11957,277,118,98,False
11723,251,166,8,False
10521,280,22,22,False
11499,266,242,13,False
10533,189,24,29,False
11035,131,33,86,False
10892,220,87,29,False
10168,247,201,52,False
10644,234,113,65,False
10511,174,52,5,False
11459,171,106,93,False
11330,193,82,90,False
11350,173,246,72,True
11987,162,115,15,False
10774,220,30,98,False
11874,126,35,40,False
10368,252,144,59,False
11935,197,176,40,False
11550,238,51,16,True
10907,217,14,84,False
11277,215,2,95,False
10524,169,208,95,False
10589,292,40,2,False
10054,190,49,95,False
10514,236,98,87,False
10505,260,176,42,False
10304,210,142,66,False
10422,157,92,46,False
10071,192,126,67,False
10567,292,24,25,False
10742,142,140,4,False
10306,209,231,62,False
10344,276,77,8,False
10577,244,94,53,True
10253,126,173,54,False
11123,145,87,83,False
11041,270,27,78,False
11773,234,113,27,True
11318,267,212,41,True
11815,249,80,42,False
11686,180,26,88,False
11738,225,26,36,False
10472,261,112,61,False
11195,270,176,23,False
10098,179,122,83,False
11695,153,129,30,False
11735,125,45,68,False
10494,234,112,16,False
11871,271,201,76,False
10858,240,119,79,True
10646,289,70,13,False
11903,299,39,94,False
11629,255,62,40,False
11339,219,39,32,False
10565,158,213,84,True
11514,235,216,65,False
10075,196,145,31,False
10917,242,47,8,False
11229,197,223,63,False
11183,153,79,6,False
10110,243,134,13,False
10394,222,179,28,False
10649,159,16,82,False
11157,114,203,4,False
10230,222,224,99,False
10734,264,121,65,False
10839,167,126,86,False
11615,258,183,46,False
10264,162,101,80,False
11900,171,102,18,False
11667,190,228,35,False
11958,129,111,24,False
10968,176,213,23,False
10574,107,113,55,False
11656,150,27,57,False
10070,149,141,12,False
10279,133,54,61,False
10802,215,70,33,False
11193,193,225,89,False
10877,181,81,54,False
10139,237,51,54,False
11472,245,84,86,True
10578,268,183,53,False
10678,298,215,80,False
10433,162,155,40,False
10892,136,19,59,False
11520,215,238,18,False
10359,157,222,96,False
11434,143,249,60,False
11093,117,215,38,False
10371,112,62,24,False
11426,171,6,83,False
10009,240,111,53,False
11793,267,5,39,False
11668,172,157,65,False
10361,131,119,82,False
11043,182,186,32,False
10363,182,171,1,False
11443,221,241,14,True
10846,250,197,87,True
11315,257,174,60,False
11159,283,188,87,True
10414,264,170,93,False
10892,105,151,39,False
11714,285,13,99,False
11027,275,183,30,False
11872,214,137,52,False
11173,258,102,51,False
11915,143,108,55,False
10263,129,96,63,False
10083,215,179,73,False
10410,243,157,40,True
11898,170,52,54,False
10237,247,160,29,False
11431,230,19,82,False
11166,132,55,85,False
11760,274,134,26,False
10316,257,70,87,False
11158,290,17,59,False
10107,257,159,33,False
11877,149,36,38,False
10255,147,87,64,False
10865,239,214,78,False
10415,253,188,0,False
10865,285,238,54,False
11342,140,34,15,False
11138,280,180,44,False
10779,171,68,3,False
10742,236,112,92,False
10092,173,167,29,False
10152,262,26,72,False
10482,206,137,5,False
10203,188,216,2,False
10299,161,174,12,False
11431,228,229,86,False
10364,292,37,44,False
11083,268,96,19,False
11500,140,170,36,False
10266,260,133,61,False
10540,178,215,81,True
10755,231,180,51,False
11180,178,122,61,False
11799,199,175,49,False
11314,272,127,30,False
11899,242,43,6,False
10507,204,119,36,False
10087,279,174,47,True
11967,297,210,35,False
11032,274,126,75,False
11698,186,248,98,False
11651,249,58,30,False
11330,153,35,51,False
11085,224,237,28,False
10642,108,137,82,False
10972,159,175,84,False
10988,253,234,99,False
10541,291,244,87,False
11481,243,220,74,False
10758,264,61,8,False
10164,269,43,58,False
10174,126,119,44,False
10015,286,113,75,False
11950,102,172,49,False
10603,279,225,46,False
10227,170,71,72,True
11881,106,234,99,True
11608,227,128,73,False
10537,168,211,2,False
10377,162,84,57,False
11301,234,152,19,False
11729,103,106,86,False
10972,251,90,75,False
10818,174,63,65,False
10459,244,189,93,False
10665,289,17,81,False
11136,198,138,90,False
11306,239,21,31,False
10864,206,13,74,False
11608,110,224,92,False
10425,247,231,49,False
10216,226,111,90,False
11740,263,110,29,False
10486,125,46,3,False
11048,140,153,82,False
11145,249,114,49,False
11958,118,107,61,False
11269,118,114,56,False
11242,288,210,21,False
10103,144,69,51,False
11926,297,121,59,False
10970,147,94,1,False
11662,248,38,92,False
10489,203,154,74,True
10091,298,76,15,False
11137,160,9,59,False
11488,171,240,61,False
11897,133,232,90,False
11580,149,66,67,False
10865,247,82,13,False
11047,140,46,63,False
10449,276,82,37,False
10619,165,243,11,False
11236,164,166,45,False
10662,114,203,55,False
11611,172,145,69,False
11089,138,100,81,False
10455,249,187,39,False
11336,297,69,86,False
10437,201,143,19,False
10884,172,183,6,False
11619,117,67,80,False
10558,111,208,23,False
10490,271,114,59,False
11241,120,222,14,False
11881,234,74,24,False
11539,161,209,45,True
11709,146,163,74,False
10978,107,237,3,False
10378,222,241,34,False
10321,233,138,40,False
10234,260,120,13,False
10458,268,78,42,False
10857,137,33,17,False
10824,200,61,11,True
10204,207,49,29,False
10488,121,60,5,False
10768,276,27,15,False
11916,117,8,17,False
11917,228,36,59,False
10259,297,185,97,False
10596,151,77,15,False
11090,256,20,76,False
10527,215,84,71,False
11990,245,95,57,False
10700,147,150,75,False
10653,231,183,63,False
11827,185,201,7,False
11031,265,243,56,False
10367,125,35,99,True
11149,279,198,71,False
10570,166,219,67,False
10899,127,150,42,False
11609,278,122,57,False
10410,256,52,56,False
11062,250,189,45,False
11843,211,52,95,False
10879,169,64,2,False
10109,274,145,85,False
10047,268,43,89,False
11730,133,164,48,False
10047,112,73,77,False
11514,172,233,64,False
10642,295,82,78,False
10883,285,97,4,False
10316,191,238,93,False
11044,227,194,5,False
10035,105,131,41,False
10543,139,18,67,False
11056,184,149,84,False
10595,109,104,17,False
11239,183,22,71,False
11827,266,187,88,False
10460,241,37,44,False
10676,237,227,28,False
10341,138,152,44,False
10207,280,243,93,True
10054,178,27,19,False
10923,238,218,96,False
10342,178,195,5,False
11922,218,67,84,False
10283,270,111,86,False
11665,104,162,97,False
10481,138,189,29,False
10965,117,217,42,False
10693,110,74,74,False
11280,237,1,32,False
10995,225,248,15,False
10805,218,21,74,False
10508,190,74,3,False
11206,267,25,96,False
11718,155,20,25,False
11385,156,233,97,False
10103,175,155,46,False
11943,273,66,11,False
11163,201,183,11,False
11761,114,84,29,False
11214,129,63,73,False
11129,122,242,37,False
11941,260,93,55,False
11403,168,207,56,False
10734,101,238,64,False
11541,180,27,31,False
10490,277,39,22,False
10961,146,177,78,False
10553,210,238,3,True
10056,291,140,84,False
10040,103,24,38,False
10678,195,138,61,False
11972,208,121,47,False
11571,268,36,57,False
10424,162,221,29,False
11872,239,25,22,False
10548,177,230,57,False
11635,243,75,96,False
10891,158,201,12,False
11884,121,65,86,False
10828,182,152,91,False
11858,184,189,16,False
10059,177,52,57,False
11828,165,97,39,False
10698,192,20,91,False
11063,202,43,27,False
11884,166,34,26,False
11582,230,34,90,False
10681,109,123,48,False
11106,227,25,72,False
11613,162,78,35,False
10853,119,233,41,False
10036,145,185,66,False
11828,234,30,34,False
10436,214,165,46,False
11892,236,167,90,True
11246,155,107,59,False
11984,237,5,48,False
10265,132,192,33,False
10184,276,215,9,False
11495,171,106,44,False
11805,154,191,20,False
10888,244,170,53,False
11077,167,223,4,False
10728,287,167,85,False
11194,224,101,2,False
10238,173,171,84,False
11260,252,112,64,False
10409,165,228,5,False
11321,129,232,27,False
11088,145,59,36,False
11249,182,20,83,False
11138,191,183,44,True
10328,258,120,43,False
10190,256,201,6,False
10392,214,175,10,False
11644,240,102,46,False
10923,141,215,80,False
11140,183,209,59,False
11612,278,210,46,False
10249,232,98,80,False
11073,274,38,28,False
11616,272,42,96,False
10461,238,184,42,False
10118,240,154,68,True
10696,277,219,51,False
10518,276,247,89,False
11301,132,65,56,False
11610,105,183,2,False
11538,136,12,28,False
11697,165,224,10,False
11294,137,145,53,False
11549,273,12,59,False
10859,246,211,49,False
10525,129,143,35,False
10529,173,27,75,False
10683,100,37,59,False
11697,287,38,79,False
11620,277,77,1,False
11143,108,246,39,False
10263,121,217,53,False
11019,254,229,71,False
10764,182,133,25,False
10432,162,46,11,False
11715,152,122,90,False
11895,195,118,56,False
11453,154,63,15,False
11064,272,199,87,False
10559,280,140,68,False
10430,219,245,18,False
11669,293,74,36,False
11419,206,238,85,False
11118,195,72,3,False
10137,166,165,43,False
10304,282,30,8,False
11393,254,81,92,False
11147,241,109,9,False
10540,237,143,37,False
11776,293,243,15,False
10931,100,96,41,False
11459,144,195,95,False
10962,219,85,98,False
10055,165,116,0,False
10219,146,222,15,False
10371,267,101,85,False
11948,291,170,82,False
11108,138,111,32,True
11363,246,103,91,False
11541,180,138,91,False
11205,184,212,53,False
10540,241,169,65,True
11165,189,81,93,False
10565,297,248,34,False
10844,213,130,38,False
11368,220,41,0,False
11436,107,54,23,False
10945,253,89,36,False
10549,195,12,82,False
10440,136,98,1,False
10152,229,109,2,False
10221,160,4,52,False
10897,248,158,25,False
11804,171,213,53,False
11891,252,231,18,False
10966,294,179,73,False
10972,185,245,40,False
10956,272,135,93,False
11869,298,123,55,True
10366,241,76,9,False
11433,273,200,89,True
10186,276,100,10,False
11216,293,4,42,False
10227,257,175,11,False
11922,192,168,50,False
10911,110,115,93,False
10236,202,116,4,False
11400,118,41,41,False
10253,280,238,97,False
11389,241,9,12,False
11825,153,54,14,False
11350,138,82,3,False
11748,278,248,81,False
10539,150,239,65,False
10776,274,67,48,False
10183,279,133,14,False
11303,180,222,77,False
10587,206,98,62,False
10436,295,207,65,False
11807,250,55,17,False
10362,295,14,91,False
11476,105,134,21,False
11649,161,237,59,False
11826,262,130,5,False
10981,135,223,78,False
11011,292,24,27,False
10152,252,119,73,False
11402,137,163,90,False
10935,246,88,82,False
10661,115,34,45,False
10485,293,163,3,False
10582,139,90,15,False
10843,246,99,14,False
10047,215,115,93,False
11581,294,164,15,False
10290,241,80,17,False
11891,116,137,97,False
10662,194,158,99,False
11341,169,224,48,False
10476,204,157,97,False
11515,263,31,89,False
10397,170,51,65,False
10535,141,16,30,False
10448,219,167,77,False
11194,155,226,21,False
11074,148,45,27,False
11684,284,239,64,False
11953,105,91,95,False
10575,203,205,39,False
11505,296,21,51,False
11576,286,148,70,False
11172,247,69,71,False
11625,291,29,67,False
11427,112,198,33,False
11768,166,83,96,False
11226,178,202,40,False
11921,119,139,89,False
11925,219,185,10,False
10452,195,3,13,True
10511,274,136,41,False
11688,128,40,27,False
11205,202,68,22,False
10920,255,1,47,False
11841,293,175,35,False
11604,247,21,20,False
11731,287,28,41,False
11309,174,43,89,False
10586,198,49,2,False
10473,263,70,38,False
11977,297,235,54,False
10522,287,18,66,False
10491,299,1,56,False
11680,123,60,44,False
11964,142,248,47,False
11891,255,32,14,False
10915,118,8,45,False
10407,288,155,51,False
10318,110,207,37,False
11879,262,80,53,False
11553,155,39,99,False
10121,146,10,14,False
10496,125,111,49,False
11668,147,107,39,False
11259,195,195,54,False
10872,141,187,40,False
10349,146,202,15,False
10368,130,114,78,False
10797,238,222,90,False
10649,114,236,91,False
11339,162,130,59,False
11088,125,144,87,False
10517,290,108,1,False
11859,250,233,48,False
11910,147,102,80,False
11369,258,159,33,False
11713,187,233,84,False
11328,174,12,7,False
11997,249,154,34,False
10331,174,98,41,False
11879,162,163,99,False
11781,267,82,52,False
10288,152,69,26,False
10969,198,83,50,False
10191,122,180,19,False
10280,221,17,21,False
11236,281,28,15,False
11129,132,156,87,False
10564,186,20,15,False
11872,222,164,38,False
11662,204,149,24,False
11446,213,181,72,False
10110,236,198,94,False
11161,279,38,3,False
10197,197,231,91,False
10445,139,33,34,False
10187,186,49,12,False
10457,178,191,76,False
10704,110,61,1,False
11264,191,150,63,False
11729,128,17,84,False
11518,143,246,49,False
10802,202,140,77,False
10697,275,3,37,False
11280,160,234,51,False
10139,228,117,3,False
10156,250,18,73,False
10400,277,167,73,False
11763,132,49,29,False
10752,201,45,92,False
10782,137,180,17,False
11562,291,129,7,False
10919,289,190,43,False
11383,182,36,3,False
10223,182,20,73,False
10711,234,30,22,False
11378,246,130,12,False
11248,129,196,62,False
10725,221,231,94,False
10743,277,141,32,False
11422,155,216,29,False
10757,227,52,55,False
11856,285,11,20,False
10386,279,95,37,False
10505,210,230,63,False
10988,209,82,96,False
11089,125,89,22,False
11591,154,244,74,False
11060,142,34,54,False
11234,265,157,65,False
10290,216,101,0,False
10964,100,196,51,True
10589,147,36,77,False
11954,171,33,82,False
11490,296,85,89,False
11999,255,204,89,False
11342,241,229,64,False
11852,223,232,3,False
11430,228,142,20,False
10387,164,82,72,False
10556,288,217,59,False
10022,202,183,80,False
11106,140,54,18,False
11283,235,16,79,False
10360,186,149,27,False
11418,252,137,27,False
10203,294,29,53,True
11978,254,42,52,False
11881,125,61,51,False
10276,144,228,68,False
11432,243,136,79,False
11031,189,181,88,False
11939,199,82,68,False
11777,152,165,93,False
10589,299,110,77,False
11354,122,96,23,False
11477,166,214,14,False
10606,191,191,90,False
11719,124,209,77,False
10544,244,108,10,False
11167,279,140,30,False
10839,116,56,59,False
10189,162,112,30,False
11640,209,41,7,False
11933,283,97,52,False
11613,218,205,28,False
11304,230,179,80,False
11405,259,133,54,False
11027,226,48,57,False
10408,102,243,31,False
10749,208,71,64,False
11310,135,53,46,False
11813,197,27,21,False
10730,128,246,0,False
11931,299,60,86,False
11197,184,123,57,False
11443,138,64,68,False
10368,176,2,93,False
10362,288,143,84,False
11718,136,36,93,False
11704,285,170,86,True
11280,101,180,77,False
10970,287,158,76,False
10207,151,144,54,False
10521,246,223,60,True
11584,262,5,29,False
10884,119,186,78,False
11031,131,47,55,False
10412,218,10,93,False
10644,154,143,92,False
10189,215,84,92,False
11947,295,33,28,True
11127,158,244,24,False
11869,287,157,75,False
11879,252,174,71,False
10125,250,143,2,False
10123,267,107,31,False
11333,200,85,87,False
10379,105,76,53,False
11627,114,42,66,False
11571,282,245,40,False
10243,109,91,79,True
10993,174,102,53,False
10650,214,38,47,False
11475,286,69,89,False
10655,148,156,46,False
10281,273,3,67,False
10090,219,190,85,False
10527,109,243,55,False
11913,176,105,71,False
11568,106,196,69,False
10476,141,154,40,False
11003,290,201,69,False
10219,200,98,60,False
10525,252,201,32,False
10253,120,175,29,False
10355,165,29,50,False
11637,133,144,71,False
11064,158,30,46,False
10071,128,114,93,False
11426,209,27,57,False
10888,118,64,74,False
10605,186,193,54,False
10845,279,30,78,False
11566,254,196,21,False
11115,268,10,42,False
10677,105,223,98,False
10048,174,113,86,False
11418,253,209,19,True
10733,228,151,17,False
10136,172,62,45,False
11015,291,221,99,False
11375,106,170,9,False
11107,118,26,18,False
10989,120,226,0,False
11146,119,243,5,False
11890,255,4,49,False
10568,234,184,60,False
11262,176,25,81,False
11183,176,209,86,False
10596,138,39,62,False
11636,162,69,4,False
10070,140,111,62,False
11243,224,154,98,False
10981,296,105,4,False
10990,169,98,10,False
11438,104,84,99,False
11017,214,26,9,False
11652,117,16,37,False
11302,150,222,35,False
11734,234,118,29,False
10954,145,68,84,False
11463,233,107,6,False
10047,101,94,30,False
10830,285,109,71,False
10882,109,247,54,False
10085,136,147,39,False
11760,216,102,22,False
11563,145,29,67,False
11462,299,201,95,False
10281,168,130,57,False
11405,186,2,58,False
10562,241,54,37,False
11451,242,196,27,False
10076,266,17,42,False
10804,281,178,17,False
11794,286,92,87,False
11176,293,180,26,False
10990,123,77,38,False
11417,100,16,17,False
11620,293,9,65,False
10358,280,249,61,False
10626,289,90,66,False
11421,284,43,73,True
10111,114,32,21,False
11702,285,79,82,False
11671,196,40,78,False
10694,252,32,43,False
10079,199,192,8,False
11046,254,224,11,False
11058,238,228,23,False
10546,295,104,3,False
10438,254,217,52,False
10654,167,133,49,False
11347,243,213,78,False
10113,186,47,63,False
11763,291,19,27,False
11643,232,209,26,False
10803,210,41,48,False
10869,199,14,10,False
10433,269,173,6,False
11024,260,104,72,False
11100,166,36,9,False
11146,175,182,9,True
10314,278,142,19,False
10308,266,167,67,False
10055,125,243,59,False
10388,208,138,76,False
10511,236,171,48,False
